FIPS,CENSUS_2010_POP
01001,"54,571"
01003,"182,265"
01005,"27,457"
01007,"22,915"
01009,"57,322"
01011,"10,914"
01013,"20,947"
01015,"118,572"
01017,"34,215"
01019,"25,989"
01021,"43,643"
01023,"13,859"
01025,"25,833"
01027,"13,932"
01029,"14,972"
01031,"49,948"
01033,"54,428"
01035,"13,228"
01037,"11,539"
01039,"37,765"
01041,"13,906"
01043,"80,406"
01045,"50,251"
01047,"43,820"
01049,"71,109"
01051,"79,303"
01053,"38,319"
01055,"104,430"
01057,"17,241"
01059,"31,704"
01061,"26,790"
01063,"9,045"
01065,"15,760"
01067,"17,302"
01069,"101,547"
01071,"53,227"
01073,"658,466"
01075,"14,564"
01077,"92,709"
01079,"34,339"
01081,"140,247"
01083,"82,782"
01085,"11,299"
01087,"21,452"
01089,"334,811"
01091,"21,027"
01093,"30,776"
01095,"93,019"
01097,"412,992"
01099,"23,068"
01101,"229,363"
01103,"119,490"
01105,"10,591"
01107,"19,746"
01109,"32,899"
01111,"22,913"
01113,"52,947"
01115,"83,593"
01117,"195,085"
01119,"13,763"
01121,"82,291"
01123,"41,616"
01125,"194,656"
01127,"67,023"
01129,"17,581"
01131,"11,670"
01133,"24,484"
02013,"3,141"
02016,"5,561"
02020,"291,826"
02050,"17,013"
02060,997
02068,"1,826"
02070,"4,847"
02090,"97,581"
02100,"2,508"
02105,"2,150"
02110,"31,275"
02122,"55,400"
02130,"13,477"
02150,"13,592"
02158,"7,459"
02164,"1,631"
02170,"88,995"
02180,"9,492"
02185,"9,430"
02188,"7,523"
02195,"3,815"
02198,"5,559"
02220,"8,881"
02230,968
02240,"7,029"
02261,"9,636"
02275,"2,369"
02282,662
02290,"5,588"
04001,"71,518"
04003,"131,346"
04005,"134,421"
04007,"53,597"
04009,"37,220"
04011,"8,437"
04012,"20,489"
04013,"3,817,117"
04015,"200,186"
04017,"107,449"
04019,"980,263"
04021,"375,770"
04023,"47,420"
04025,"211,033"
04027,"195,751"
05001,"19,019"
05003,"21,853"
05005,"41,513"
05007,"221,339"
05009,"36,903"
05011,"11,508"
05013,"5,368"
05015,"27,446"
05017,"11,800"
05019,"22,995"
05021,"16,083"
05023,"25,970"
05025,"8,689"
05027,"24,552"
05029,"21,273"
05031,"96,443"
05033,"61,948"
05035,"50,902"
05037,"17,870"
05039,"8,116"
05041,"13,008"
05043,"18,509"
05045,"113,237"
05047,"18,125"
05049,"12,245"
05051,"96,024"
05053,"17,853"
05055,"42,090"
05057,"22,609"
05059,"32,923"
05061,"13,789"
05063,"36,647"
05065,"13,696"
05067,"17,997"
05069,"77,435"
05071,"25,540"
05073,"7,645"
05075,"17,415"
05077,"10,424"
05079,"14,134"
05081,"13,171"
05083,"22,353"
05085,"68,356"
05087,"15,717"
05089,"16,653"
05091,"43,462"
05093,"46,480"
05095,"8,149"
05097,"9,487"
05099,"8,997"
05101,"8,330"
05103,"26,120"
05105,"10,445"
05107,"21,757"
05109,"11,291"
05111,"24,583"
05113,"20,662"
05115,"61,754"
05117,"8,715"
05119,"382,748"
05121,"17,969"
05123,"28,258"
05125,"107,118"
05127,"11,233"
05129,"8,195"
05131,"125,744"
05133,"17,058"
05135,"17,264"
05137,"12,394"
05139,"41,639"
05141,"17,295"
05143,"203,065"
05145,"77,076"
05147,"7,260"
05149,"22,185"
06001,"1,510,271"
06003,"1,175"
06005,"38,091"
06007,"220,000"
06009,"45,578"
06011,"21,419"
06013,"1,049,025"
06015,"28,610"
06017,"181,058"
06019,"930,450"
06021,"28,122"
06023,"134,623"
06025,"174,528"
06027,"18,546"
06029,"839,631"
06031,"152,982"
06033,"64,665"
06035,"34,895"
06037,"9,818,605"
06039,"150,865"
06041,"252,409"
06043,"18,251"
06045,"87,841"
06047,"255,793"
06049,"9,686"
06051,"14,202"
06053,"415,057"
06055,"136,484"
06057,"98,764"
06059,"3,010,232"
06061,"348,432"
06063,"20,007"
06065,"2,189,641"
06067,"1,418,788"
06069,"55,269"
06071,"2,035,210"
06073,"3,095,313"
06075,"805,235"
06077,"685,306"
06079,"269,637"
06081,"718,451"
06083,"423,895"
06085,"1,781,642"
06087,"262,382"
06089,"177,223"
06091,"3,240"
06093,"44,900"
06095,"413,344"
06097,"483,878"
06099,"514,453"
06101,"94,737"
06103,"63,463"
06105,"13,786"
06107,"442,179"
06109,"55,365"
06111,"823,318"
06113,"200,849"
06115,"72,155"
08001,"441,603"
08003,"15,445"
08005,"572,003"
08007,"12,084"
08009,"3,788"
08011,"6,499"
08013,"294,567"
08014,"55,889"
08015,"17,809"
08017,"1,836"
08019,"9,088"
08021,"8,256"
08023,"3,524"
08025,"5,823"
08027,"4,255"
08029,"30,952"
08031,"600,158"
08033,"2,064"
08035,"285,465"
08037,"52,197"
08039,"23,086"
08041,"622,263"
08043,"46,824"
08045,"56,389"
08047,"5,441"
08049,"14,843"
08051,"15,324"
08053,843
08055,"6,711"
08057,"1,394"
08059,"534,543"
08061,"1,398"
08063,"8,270"
08065,"7,310"
08067,"51,334"
08069,"299,630"
08071,"15,507"
08073,"5,467"
08075,"22,709"
08077,"146,723"
08079,712
08081,"13,795"
08083,"25,535"
08085,"41,276"
08087,"28,159"
08089,"18,831"
08091,"4,436"
08093,"16,206"
08095,"4,442"
08097,"17,148"
08099,"12,551"
08101,"159,063"
08103,"6,666"
08105,"11,982"
08107,"23,509"
08109,"6,108"
08111,699
08113,"7,359"
08115,"2,379"
08117,"27,994"
08119,"23,350"
08121,"4,814"
08123,"252,825"
08125,"10,043"
09001,"916,829"
09003,"894,014"
09005,"189,927"
09007,"165,676"
09009,"862,477"
09011,"274,055"
09013,"152,691"
09015,"118,428"
10001,"162,310"
10003,"538,479"
10005,"197,145"
11001,"601,723"
12001,"247,336"
12003,"27,115"
12005,"168,852"
12007,"28,520"
12009,"543,376"
12011,"1,748,066"
12013,"14,625"
12015,"159,978"
12017,"141,236"
12019,"190,865"
12021,"321,520"
12023,"67,531"
12027,"34,862"
12029,"16,422"
12031,"864,263"
12033,"297,619"
12035,"95,696"
12037,"11,549"
12039,"46,389"
12041,"16,939"
12043,"12,884"
12045,"15,863"
12047,"14,799"
12049,"27,731"
12051,"39,140"
12053,"172,778"
12055,"98,786"
12057,"1,229,226"
12059,"19,927"
12061,"138,028"
12063,"49,746"
12065,"14,761"
12067,"8,870"
12069,"297,052"
12071,"618,754"
12073,"275,487"
12075,"40,801"
12077,"8,365"
12079,"19,224"
12081,"322,833"
12083,"331,298"
12085,"146,318"
12086,"2,496,435"
12087,"73,090"
12089,"73,314"
12091,"180,822"
12093,"39,996"
12095,"1,145,956"
12097,"268,685"
12099,"1,320,134"
12101,"464,697"
12103,"916,542"
12105,"602,095"
12107,"74,364"
12109,"190,039"
12111,"277,789"
12113,"151,372"
12115,"379,448"
12117,"422,718"
12119,"93,420"
12121,"41,551"
12123,"22,570"
12125,"15,535"
12127,"494,593"
12129,"30,776"
12131,"55,043"
12133,"24,896"
13001,"18,236"
13003,"8,375"
13005,"11,096"
13007,"3,451"
13009,"45,720"
13011,"18,395"
13013,"69,367"
13015,"100,157"
13017,"17,634"
13019,"19,286"
13021,"155,547"
13023,"13,063"
13025,"18,411"
13027,"16,243"
13029,"30,233"
13031,"70,217"
13033,"23,316"
13035,"23,655"
13037,"6,694"
13039,"50,513"
13043,"10,998"
13045,"110,527"
13047,"63,942"
13049,"12,171"
13051,"265,128"
13053,"11,267"
13055,"26,015"
13057,"214,346"
13059,"116,714"
13061,"3,183"
13063,"259,424"
13065,"6,798"
13067,"688,078"
13069,"42,356"
13071,"45,498"
13073,"124,053"
13075,"17,212"
13077,"127,317"
13079,"12,630"
13081,"23,439"
13083,"16,633"
13085,"22,330"
13087,"27,842"
13089,"691,893"
13091,"21,796"
13093,"14,918"
13095,"94,565"
13097,"132,403"
13099,"11,008"
13101,"4,034"
13103,"52,250"
13105,"20,166"
13107,"22,598"
13109,"11,000"
13111,"23,682"
13113,"106,567"
13115,"96,317"
13117,"175,511"
13119,"22,084"
13121,"920,581"
13123,"28,292"
13125,"3,082"
13127,"79,626"
13129,"55,186"
13131,"25,011"
13133,"15,994"
13135,"805,321"
13137,"43,041"
13139,"179,684"
13141,"9,429"
13143,"28,780"
13145,"32,024"
13147,"25,213"
13149,"11,834"
13151,"203,922"
13153,"139,900"
13155,"9,538"
13157,"60,485"
13159,"13,900"
13161,"15,068"
13163,"16,930"
13165,"8,340"
13167,"9,980"
13169,"28,669"
13171,"18,317"
13173,"10,078"
13175,"48,434"
13177,"28,298"
13179,"63,453"
13181,"7,996"
13183,"14,464"
13185,"109,233"
13187,"29,966"
13189,"21,875"
13191,"14,333"
13193,"14,740"
13195,"28,120"
13197,"8,742"
13199,"21,992"
13201,"6,125"
13205,"23,498"
13207,"26,424"
13209,"9,123"
13211,"17,868"
13213,"39,628"
13215,"189,885"
13217,"99,958"
13219,"32,808"
13221,"14,899"
13223,"142,324"
13225,"27,695"
13227,"29,431"
13229,"18,758"
13231,"17,869"
13233,"41,475"
13235,"12,010"
13237,"21,218"
13239,"2,513"
13241,"16,276"
13243,"7,719"
13245,"200,549"
13247,"85,215"
13249,"5,010"
13251,"14,593"
13253,"8,729"
13255,"64,073"
13257,"26,175"
13259,"6,058"
13261,"32,819"
13263,"6,865"
13265,"1,717"
13267,"25,520"
13269,"8,906"
13271,"16,500"
13273,"9,315"
13275,"44,720"
13277,"40,118"
13279,"27,223"
13281,"10,471"
13283,"6,885"
13285,"67,044"
13287,"8,930"
13289,"9,023"
13291,"21,356"
13293,"27,153"
13295,"68,756"
13297,"83,768"
13299,"36,312"
13301,"5,834"
13303,"21,187"
13305,"30,099"
13307,"2,799"
13309,"7,421"
13311,"27,144"
13313,"102,599"
13315,"9,255"
13317,"10,593"
13319,"9,563"
13321,"21,679"
15001,"185,079"
15003,"953,207"
15005,90
15007,"67,091"
15009,"154,834"
16001,"392,365"
16003,"3,976"
16005,"82,839"
16007,"5,986"
16009,"9,285"
16011,"45,607"
16013,"21,376"
16015,"7,028"
16017,"40,877"
16019,"104,234"
16021,"10,972"
16023,"2,891"
16025,"1,117"
16027,"188,923"
16029,"6,963"
16031,"22,952"
16033,982
16035,"8,761"
16037,"4,368"
16039,"27,038"
16041,"12,786"
16043,"13,242"
16045,"16,719"
16047,"15,464"
16049,"16,267"
16051,"26,140"
16053,"22,374"
16055,"138,494"
16057,"37,244"
16059,"7,936"
16061,"3,821"
16063,"5,208"
16065,"37,536"
16067,"20,069"
16069,"39,265"
16071,"4,286"
16073,"11,526"
16075,"22,623"
16077,"7,817"
16079,"12,765"
16081,"10,170"
16083,"77,230"
16085,"9,862"
16087,"10,198"
17001,"67,103"
17003,"8,238"
17005,"17,768"
17007,"54,165"
17009,"6,937"
17011,"34,978"
17013,"5,089"
17015,"15,387"
17017,"13,642"
17019,"201,081"
17021,"34,800"
17023,"16,335"
17025,"13,815"
17027,"37,762"
17029,"53,873"
17031,"5,194,675"
17033,"19,817"
17035,"11,048"
17037,"105,160"
17039,"16,561"
17041,"19,980"
17043,"916,924"
17045,"18,576"
17047,"6,721"
17049,"34,242"
17051,"22,140"
17053,"14,081"
17055,"39,561"
17057,"37,069"
17059,"5,589"
17061,"13,886"
17063,"50,063"
17065,"8,457"
17067,"19,104"
17069,"4,320"
17071,"7,331"
17073,"50,486"
17075,"29,718"
17077,"60,218"
17079,"9,698"
17081,"38,827"
17083,"22,985"
17085,"22,678"
17087,"12,582"
17089,"515,269"
17091,"113,449"
17093,"114,736"
17095,"52,919"
17097,"703,462"
17099,"113,924"
17101,"16,833"
17103,"36,031"
17105,"38,950"
17107,"30,305"
17109,"32,612"
17111,"308,760"
17113,"169,572"
17115,"110,768"
17117,"47,765"
17119,"269,282"
17121,"39,437"
17123,"12,640"
17125,"14,666"
17127,"15,429"
17129,"12,705"
17131,"16,434"
17133,"32,957"
17135,"30,104"
17137,"35,547"
17139,"14,846"
17141,"53,497"
17143,"186,494"
17145,"22,350"
17147,"16,729"
17149,"16,430"
17151,"4,470"
17153,"6,161"
17155,"6,006"
17157,"33,476"
17159,"16,233"
17161,"147,546"
17163,"270,056"
17165,"24,913"
17167,"197,465"
17169,"7,544"
17171,"5,355"
17173,"22,363"
17175,"5,994"
17177,"47,711"
17179,"135,394"
17181,"17,808"
17183,"81,625"
17185,"11,947"
17187,"17,707"
17189,"14,716"
17191,"16,760"
17193,"14,665"
17195,"58,498"
17197,"677,560"
17199,"66,357"
17201,"295,266"
17203,"38,664"
18001,"34,387"
18003,"355,329"
18005,"76,794"
18007,"8,854"
18009,"12,766"
18011,"56,640"
18013,"15,242"
18015,"20,155"
18017,"38,966"
18019,"110,232"
18021,"26,890"
18023,"33,224"
18025,"10,713"
18027,"31,648"
18029,"50,047"
18031,"25,740"
18033,"42,223"
18035,"117,671"
18037,"41,889"
18039,"197,559"
18041,"24,277"
18043,"74,578"
18045,"17,240"
18047,"23,087"
18049,"20,836"
18051,"33,503"
18053,"70,061"
18055,"33,165"
18057,"274,569"
18059,"70,002"
18061,"39,364"
18063,"145,448"
18065,"49,462"
18067,"82,752"
18069,"37,124"
18071,"42,376"
18073,"33,478"
18075,"21,253"
18077,"32,428"
18079,"28,525"
18081,"139,654"
18083,"38,440"
18085,"77,358"
18087,"37,128"
18089,"496,005"
18091,"111,467"
18093,"46,134"
18095,"131,636"
18097,"903,393"
18099,"47,051"
18101,"10,334"
18103,"36,903"
18105,"137,974"
18107,"38,124"
18109,"68,894"
18111,"14,244"
18113,"47,536"
18115,"6,128"
18117,"19,840"
18119,"21,575"
18121,"17,339"
18123,"19,338"
18125,"12,845"
18127,"164,343"
18129,"25,910"
18131,"13,402"
18133,"37,963"
18135,"26,171"
18137,"28,818"
18139,"17,392"
18141,"266,931"
18143,"24,181"
18145,"44,436"
18147,"20,952"
18149,"23,363"
18151,"34,185"
18153,"21,475"
18155,"10,613"
18157,"172,780"
18159,"15,936"
18161,"7,516"
18163,"179,703"
18165,"16,212"
18167,"107,848"
18169,"32,888"
18171,"8,508"
18173,"59,689"
18175,"28,262"
18177,"68,917"
18179,"27,636"
18181,"24,643"
18183,"33,292"
19001,"7,682"
19003,"4,029"
19005,"14,330"
19007,"12,887"
19009,"6,119"
19011,"26,076"
19013,"131,090"
19015,"26,306"
19017,"24,276"
19019,"20,958"
19021,"20,260"
19023,"14,867"
19025,"9,670"
19027,"20,816"
19029,"13,956"
19031,"18,499"
19033,"44,151"
19035,"12,072"
19037,"12,439"
19039,"9,286"
19041,"16,667"
19043,"18,129"
19045,"49,116"
19047,"17,096"
19049,"66,135"
19051,"8,753"
19053,"8,457"
19055,"17,764"
19057,"40,325"
19059,"16,667"
19061,"93,653"
19063,"10,302"
19065,"20,880"
19067,"16,303"
19069,"10,680"
19071,"7,441"
19073,"9,336"
19075,"12,453"
19077,"10,954"
19079,"15,673"
19081,"11,341"
19083,"17,534"
19085,"14,928"
19087,"20,145"
19089,"9,566"
19091,"9,815"
19093,"7,089"
19095,"16,355"
19097,"19,848"
19099,"36,842"
19101,"16,843"
19103,"130,882"
19105,"20,638"
19107,"10,511"
19109,"15,543"
19111,"35,862"
19113,"211,226"
19115,"11,387"
19117,"8,898"
19119,"11,581"
19121,"15,679"
19123,"22,381"
19125,"33,309"
19127,"40,648"
19129,"15,059"
19131,"10,776"
19133,"9,243"
19135,"7,970"
19137,"10,740"
19139,"42,745"
19141,"14,398"
19143,"6,462"
19145,"15,932"
19147,"9,421"
19149,"24,986"
19151,"7,310"
19153,"430,640"
19155,"93,158"
19157,"18,914"
19159,"5,131"
19161,"10,350"
19163,"165,224"
19165,"12,167"
19167,"33,704"
19169,"89,542"
19171,"17,767"
19173,"6,317"
19175,"12,534"
19177,"7,570"
19179,"35,625"
19181,"46,225"
19183,"21,704"
19185,"6,403"
19187,"38,013"
19189,"10,866"
19191,"21,056"
19193,"102,172"
19195,"7,598"
19197,"13,229"
20001,"13,371"
20003,"8,102"
20005,"16,924"
20007,"4,861"
20009,"27,674"
20011,"15,173"
20013,"9,984"
20015,"65,880"
20017,"2,790"
20019,"3,669"
20021,"21,603"
20023,"2,726"
20025,"2,215"
20027,"8,535"
20029,"9,533"
20031,"8,601"
20033,"1,891"
20035,"36,311"
20037,"39,134"
20039,"2,961"
20041,"19,754"
20043,"7,945"
20045,"110,826"
20047,"3,037"
20049,"2,882"
20051,"28,452"
20053,"6,497"
20055,"36,776"
20057,"33,848"
20059,"25,992"
20061,"34,362"
20063,"2,695"
20065,"2,597"
20067,"7,829"
20069,"6,006"
20071,"1,247"
20073,"6,689"
20075,"2,690"
20077,"6,034"
20079,"34,684"
20081,"4,256"
20083,"1,916"
20085,"13,462"
20087,"19,126"
20089,"3,077"
20091,"544,179"
20093,"3,977"
20095,"7,858"
20097,"2,553"
20099,"21,607"
20101,"1,750"
20103,"76,227"
20105,"3,241"
20107,"9,656"
20109,"2,756"
20111,"33,690"
20113,"29,180"
20115,"12,660"
20117,"10,117"
20119,"4,575"
20121,"32,787"
20123,"6,373"
20125,"35,471"
20127,"5,923"
20129,"3,233"
20131,"10,178"
20133,"16,512"
20135,"3,107"
20137,"5,671"
20139,"16,295"
20141,"3,858"
20143,"6,091"
20145,"6,973"
20147,"5,642"
20149,"21,604"
20151,"9,656"
20153,"2,519"
20155,"64,511"
20157,"4,980"
20159,"10,083"
20161,"71,115"
20163,"5,181"
20165,"3,307"
20167,"6,970"
20169,"55,606"
20171,"4,936"
20173,"498,365"
20175,"22,952"
20177,"177,934"
20179,"2,556"
20181,"6,010"
20183,"3,853"
20185,"4,437"
20187,"2,235"
20189,"5,724"
20191,"24,132"
20193,"7,900"
20195,"3,001"
20197,"7,053"
20199,"1,485"
20201,"5,799"
20203,"2,234"
20205,"9,409"
20207,"3,309"
20209,"157,505"
21001,"18,656"
21003,"19,956"
21005,"21,421"
21007,"8,249"
21009,"42,173"
21011,"11,591"
21013,"28,691"
21015,"118,811"
21017,"19,985"
21019,"49,542"
21021,"28,432"
21023,"8,488"
21025,"13,878"
21027,"20,059"
21029,"74,319"
21031,"12,690"
21033,"12,984"
21035,"37,191"
21037,"90,336"
21039,"5,104"
21041,"10,811"
21043,"27,720"
21045,"15,955"
21047,"73,955"
21049,"35,613"
21051,"21,730"
21053,"10,272"
21055,"9,315"
21057,"6,856"
21059,"96,656"
21061,"12,161"
21063,"7,852"
21065,"14,672"
21067,"295,803"
21069,"14,348"
21071,"39,451"
21073,"49,285"
21075,"6,813"
21077,"8,589"
21079,"16,912"
21081,"24,662"
21083,"37,121"
21085,"25,746"
21087,"11,258"
21089,"36,910"
21091,"8,565"
21093,"105,543"
21095,"29,278"
21097,"18,846"
21099,"18,199"
21101,"46,250"
21103,"15,416"
21105,"4,902"
21107,"46,920"
21109,"13,494"
21111,"741,096"
21113,"48,586"
21115,"23,356"
21117,"159,720"
21119,"16,346"
21121,"31,883"
21123,"14,193"
21125,"58,849"
21127,"15,860"
21129,"7,887"
21131,"11,310"
21133,"24,519"
21135,"13,870"
21137,"24,742"
21139,"9,519"
21141,"26,835"
21143,"8,314"
21145,"65,565"
21147,"18,306"
21149,"9,531"
21151,"82,916"
21153,"13,333"
21155,"19,820"
21157,"31,448"
21159,"12,929"
21161,"17,490"
21163,"28,602"
21165,"6,306"
21167,"21,331"
21169,"10,099"
21171,"10,963"
21173,"26,499"
21175,"13,923"
21177,"31,499"
21179,"43,437"
21181,"7,135"
21183,"23,842"
21185,"60,316"
21187,"10,841"
21189,"4,755"
21191,"14,877"
21193,"28,712"
21195,"65,024"
21197,"12,613"
21199,"63,063"
21201,"2,282"
21203,"17,056"
21205,"23,333"
21207,"17,565"
21209,"47,173"
21211,"42,074"
21213,"17,327"
21215,"17,061"
21217,"24,512"
21219,"12,460"
21221,"14,339"
21223,"8,809"
21225,"15,007"
21227,"113,792"
21229,"11,717"
21231,"20,813"
21233,"13,621"
21235,"35,637"
21237,"7,355"
21239,"24,939"
22001,"61,773"
22003,"25,764"
22005,"107,215"
22007,"23,421"
22009,"42,073"
22011,"35,654"
22013,"14,353"
22015,"116,979"
22017,"254,969"
22019,"192,768"
22021,"10,132"
22023,"6,839"
22025,"10,407"
22027,"17,195"
22029,"20,822"
22031,"26,656"
22033,"440,171"
22035,"7,759"
22037,"20,267"
22039,"33,984"
22041,"20,767"
22043,"22,309"
22045,"73,240"
22047,"33,387"
22049,"16,274"
22051,"432,552"
22053,"31,594"
22055,"221,578"
22057,"96,318"
22059,"14,890"
22061,"46,735"
22063,"128,026"
22065,"12,093"
22067,"27,979"
22069,"39,566"
22071,"343,829"
22073,"153,720"
22075,"23,042"
22077,"22,802"
22079,"131,613"
22081,"9,091"
22083,"20,725"
22085,"24,233"
22087,"35,897"
22089,"52,780"
22091,"11,203"
22093,"22,102"
22095,"45,924"
22097,"83,384"
22099,"52,160"
22101,"54,650"
22103,"233,740"
22105,"121,097"
22107,"5,252"
22109,"111,860"
22111,"22,721"
22113,"57,999"
22115,"52,334"
22117,"47,168"
22119,"41,207"
22121,"23,788"
22123,"11,604"
22125,"15,625"
22127,"15,313"
23001,"107,702"
23003,"71,870"
23005,"281,674"
23007,"30,768"
23009,"54,418"
23011,"122,151"
23013,"39,736"
23015,"34,457"
23017,"57,833"
23019,"153,923"
23021,"17,535"
23023,"35,293"
23025,"52,228"
23027,"38,786"
23029,"32,856"
23031,"197,131"
24001,"75,087"
24003,"537,656"
24005,"805,029"
24009,"88,737"
24011,"33,066"
24013,"167,134"
24015,"101,108"
24017,"146,551"
24019,"32,618"
24021,"233,385"
24023,"30,097"
24025,"244,826"
24027,"287,085"
24029,"20,197"
24031,"971,777"
24033,"863,420"
24035,"47,798"
24037,"105,151"
24039,"26,470"
24041,"37,782"
24043,"147,430"
24045,"98,733"
24047,"51,454"
24510,"620,961"
25001,"215,888"
25003,"131,219"
25005,"548,285"
25007,"16,535"
25009,"743,159"
25011,"71,372"
25013,"463,490"
25015,"158,080"
25017,"1,503,085"
25019,"10,172"
25021,"670,850"
25023,"494,919"
25025,"722,023"
25027,"798,552"
26001,"10,942"
26003,"9,601"
26005,"111,408"
26007,"29,598"
26009,"23,580"
26011,"15,899"
26013,"8,860"
26015,"59,173"
26017,"107,771"
26019,"17,525"
26021,"156,813"
26023,"45,248"
26025,"136,146"
26027,"52,293"
26029,"25,949"
26031,"26,152"
26033,"38,520"
26035,"30,926"
26037,"75,382"
26039,"14,074"
26041,"37,069"
26043,"26,168"
26045,"107,759"
26047,"32,694"
26049,"425,790"
26051,"25,692"
26053,"16,427"
26055,"86,986"
26057,"42,476"
26059,"46,688"
26061,"36,628"
26063,"33,118"
26065,"280,895"
26067,"63,905"
26069,"25,887"
26071,"11,817"
26073,"70,311"
26075,"160,248"
26077,"250,331"
26079,"17,153"
26081,"602,622"
26083,"2,156"
26085,"11,539"
26087,"88,319"
26089,"21,708"
26091,"99,892"
26093,"180,967"
26095,"6,631"
26097,"11,113"
26099,"840,978"
26101,"24,733"
26103,"67,077"
26105,"28,705"
26107,"42,798"
26109,"24,029"
26111,"83,629"
26113,"14,849"
26115,"152,021"
26117,"63,342"
26119,"9,765"
26121,"172,188"
26123,"48,460"
26125,"1,202,362"
26127,"26,570"
26129,"21,699"
26131,"6,780"
26133,"23,528"
26135,"8,640"
26137,"24,164"
26139,"263,801"
26141,"13,376"
26143,"24,449"
26145,"200,169"
26147,"163,040"
26149,"61,295"
26151,"43,114"
26153,"8,485"
26155,"70,648"
26157,"55,729"
26159,"76,258"
26161,"344,791"
26163,"1,820,584"
26165,"32,735"
27001,"16,202"
27003,"330,844"
27005,"32,504"
27007,"44,442"
27009,"38,451"
27011,"5,269"
27013,"64,013"
27015,"25,893"
27017,"35,386"
27019,"91,042"
27021,"28,567"
27023,"12,441"
27025,"53,887"
27027,"58,999"
27029,"8,695"
27031,"5,176"
27033,"11,687"
27035,"62,500"
27037,"398,552"
27039,"20,087"
27041,"36,009"
27043,"14,553"
27045,"20,866"
27047,"31,255"
27049,"46,183"
27051,"6,018"
27053,"1,152,425"
27055,"19,027"
27057,"20,428"
27059,"37,816"
27061,"45,058"
27063,"10,266"
27065,"16,239"
27067,"42,239"
27069,"4,552"
27071,"13,311"
27073,"7,259"
27075,"10,866"
27077,"4,045"
27079,"27,703"
27081,"5,896"
27083,"25,857"
27085,"36,651"
27087,"5,413"
27089,"9,439"
27091,"20,840"
27093,"23,300"
27095,"26,097"
27097,"33,198"
27099,"39,163"
27101,"8,725"
27103,"32,727"
27105,"21,378"
27107,"6,852"
27109,"144,248"
27111,"57,303"
27113,"13,930"
27115,"29,750"
27117,"9,596"
27119,"31,600"
27121,"10,995"
27123,"508,640"
27125,"4,089"
27127,"16,059"
27129,"15,730"
27131,"64,142"
27133,"9,687"
27135,"15,629"
27137,"200,226"
27139,"129,928"
27141,"88,499"
27143,"15,226"
27145,"150,642"
27147,"36,576"
27149,"9,726"
27151,"9,783"
27153,"24,895"
27155,"3,558"
27157,"21,676"
27159,"13,843"
27161,"19,136"
27163,"238,136"
27165,"11,211"
27167,"6,576"
27169,"51,461"
27171,"124,700"
27173,"10,438"
28001,"32,297"
28003,"37,057"
28005,"13,131"
28007,"19,564"
28009,"8,729"
28011,"34,145"
28013,"14,962"
28015,"10,597"
28017,"17,392"
28019,"8,547"
28021,"9,604"
28023,"16,732"
28025,"20,634"
28027,"26,151"
28029,"29,449"
28031,"19,568"
28033,"161,252"
28035,"74,934"
28037,"8,118"
28039,"22,578"
28041,"14,400"
28043,"21,906"
28045,"43,929"
28047,"187,105"
28049,"245,285"
28051,"19,198"
28053,"9,375"
28055,"1,406"
28057,"23,401"
28059,"139,668"
28061,"17,062"
28063,"7,726"
28065,"12,487"
28067,"67,761"
28069,"10,456"
28071,"47,351"
28073,"55,658"
28075,"80,261"
28077,"12,929"
28079,"23,805"
28081,"82,910"
28083,"32,317"
28085,"34,869"
28087,"59,779"
28089,"95,203"
28091,"27,088"
28093,"37,144"
28095,"36,989"
28097,"10,925"
28099,"29,676"
28101,"21,720"
28103,"11,545"
28105,"47,671"
28107,"34,707"
28109,"55,834"
28111,"12,250"
28113,"40,404"
28115,"29,957"
28117,"25,276"
28119,"8,223"
28121,"141,617"
28123,"28,264"
28125,"4,916"
28127,"27,503"
28129,"16,491"
28131,"17,786"
28133,"29,450"
28135,"15,378"
28137,"28,886"
28139,"22,232"
28141,"19,593"
28143,"10,778"
28145,"27,134"
28147,"15,443"
28149,"48,773"
28151,"51,137"
28153,"20,747"
28155,"10,253"
28157,"9,878"
28159,"19,198"
28161,"12,678"
28163,"28,065"
29001,"25,607"
29003,"17,291"
29005,"5,685"
29007,"25,529"
29009,"35,597"
29011,"12,402"
29013,"17,049"
29015,"19,056"
29017,"12,363"
29019,"162,642"
29021,"89,201"
29023,"42,794"
29025,"9,424"
29027,"44,332"
29029,"44,002"
29031,"75,674"
29033,"9,295"
29035,"6,265"
29037,"99,478"
29039,"13,982"
29041,"7,831"
29043,"77,422"
29045,"7,139"
29047,"221,939"
29049,"20,743"
29051,"75,990"
29053,"17,601"
29055,"24,696"
29057,"7,883"
29059,"16,777"
29061,"8,433"
29063,"12,892"
29065,"15,657"
29067,"13,684"
29069,"31,953"
29071,"101,492"
29073,"15,222"
29075,"6,738"
29077,"275,174"
29079,"10,261"
29081,"8,957"
29083,"22,272"
29085,"9,627"
29087,"4,912"
29089,"10,144"
29091,"40,400"
29093,"10,630"
29095,"674,158"
29097,"117,404"
29099,"218,733"
29101,"52,595"
29103,"4,131"
29105,"35,571"
29107,"33,381"
29109,"38,634"
29111,"10,211"
29113,"52,566"
29115,"12,761"
29117,"15,195"
29119,"23,083"
29121,"15,566"
29123,"12,226"
29125,"9,176"
29127,"28,781"
29129,"3,785"
29131,"24,748"
29133,"14,358"
29135,"15,607"
29137,"8,840"
29139,"12,236"
29141,"20,565"
29143,"18,956"
29145,"58,114"
29147,"23,370"
29149,"10,881"
29151,"13,878"
29153,"9,723"
29155,"18,296"
29157,"18,971"
29159,"42,201"
29161,"45,156"
29163,"18,516"
29165,"89,322"
29167,"31,137"
29169,"52,274"
29171,"4,979"
29173,"10,167"
29175,"25,414"
29177,"23,494"
29179,"6,696"
29181,"14,100"
29183,"360,485"
29185,"9,805"
29186,"18,145"
29187,"65,359"
29189,"998,954"
29195,"23,370"
29197,"4,431"
29199,"4,843"
29201,"39,191"
29203,"8,441"
29205,"6,373"
29207,"29,968"
29209,"32,202"
29211,"6,714"
29213,"51,675"
29215,"26,008"
29217,"21,159"
29219,"32,513"
29221,"25,195"
29223,"13,521"
29225,"36,202"
29227,"2,171"
29229,"18,815"
29510,"319,294"
30001,"9,246"
30003,"12,865"
30005,"6,491"
30007,"5,612"
30009,"10,078"
30011,"1,160"
30013,"81,327"
30015,"5,813"
30017,"11,699"
30019,"1,751"
30021,"8,966"
30023,"9,298"
30025,"2,890"
30027,"11,586"
30029,"90,928"
30031,"89,513"
30033,"1,206"
30035,"13,399"
30037,884
30039,"3,079"
30041,"16,096"
30043,"11,406"
30045,"2,072"
30047,"28,746"
30049,"63,395"
30051,"2,339"
30053,"19,687"
30055,"1,734"
30057,"7,691"
30059,"1,891"
30061,"4,223"
30063,"109,299"
30065,"4,538"
30067,"15,636"
30069,494
30071,"4,253"
30073,"6,153"
30075,"1,743"
30077,"7,027"
30079,"1,179"
30081,"40,212"
30083,"9,746"
30085,"10,425"
30087,"9,233"
30089,"11,413"
30091,"3,384"
30093,"34,200"
30095,"9,117"
30097,"3,651"
30099,"6,073"
30101,"5,324"
30103,718
30105,"7,369"
30107,"2,168"
30109,"1,017"
30111,"147,972"
31001,"31,364"
31003,"6,685"
31005,460
31007,690
31009,478
31011,"5,505"
31013,"11,308"
31015,"2,099"
31017,"3,145"
31019,"46,102"
31021,"6,858"
31023,"8,395"
31025,"25,241"
31027,"8,852"
31029,"3,966"
31031,"5,713"
31033,"9,998"
31035,"6,542"
31037,"10,515"
31039,"9,139"
31041,"10,939"
31043,"21,006"
31045,"9,182"
31047,"24,326"
31049,"1,941"
31051,"6,000"
31053,"36,691"
31055,"517,110"
31057,"2,008"
31059,"5,890"
31061,"3,225"
31063,"2,756"
31065,"4,959"
31067,"22,311"
31069,"2,057"
31071,"2,049"
31073,"2,044"
31075,614
31077,"2,538"
31079,"58,607"
31081,"9,124"
31083,"3,423"
31085,967
31087,"2,908"
31089,"10,435"
31091,736
31093,"6,274"
31095,"7,547"
31097,"5,217"
31099,"6,489"
31101,"8,368"
31103,824
31105,"3,821"
31107,"8,701"
31109,"285,407"
31111,"36,288"
31113,763
31115,632
31117,539
31119,"34,876"
31121,"7,845"
31123,"5,042"
31125,"3,735"
31127,"7,248"
31129,"4,500"
31131,"15,740"
31133,"2,773"
31135,"2,970"
31137,"9,188"
31139,"7,266"
31141,"32,237"
31143,"5,406"
31145,"11,055"
31147,"8,363"
31149,"1,526"
31151,"14,200"
31153,"158,840"
31155,"20,780"
31157,"36,970"
31159,"16,750"
31161,"5,469"
31163,"3,152"
31165,"1,311"
31167,"6,129"
31169,"5,228"
31171,647
31173,"6,940"
31175,"4,260"
31177,"20,234"
31179,"9,595"
31181,"3,812"
31183,818
31185,"13,665"
32001,"24,877"
32003,"1,951,269"
32005,"46,997"
32007,"48,818"
32009,783
32011,"1,987"
32013,"16,528"
32015,"5,775"
32017,"5,345"
32019,"51,980"
32021,"4,772"
32023,"43,946"
32027,"6,753"
32029,"4,010"
32031,"421,407"
32033,"10,030"
32510,"55,274"
33001,"60,088"
33003,"47,818"
33005,"77,117"
33007,"33,055"
33009,"89,118"
33011,"400,721"
33013,"146,445"
33015,"295,223"
33017,"123,143"
33019,"43,742"
34001,"274,549"
34003,"905,116"
34005,"448,734"
34007,"513,657"
34009,"97,265"
34011,"156,898"
34013,"783,969"
34015,"288,288"
34017,"634,266"
34019,"128,349"
34021,"366,513"
34023,"809,858"
34025,"630,380"
34027,"492,276"
34029,"576,567"
34031,"501,226"
34033,"66,083"
34035,"323,444"
34037,"149,265"
34039,"536,499"
34041,"108,692"
35001,"662,564"
35003,"3,725"
35005,"65,645"
35006,"27,213"
35007,"13,750"
35009,"48,376"
35011,"2,022"
35013,"209,233"
35015,"53,829"
35017,"29,514"
35019,"4,687"
35021,695
35023,"4,894"
35025,"64,727"
35027,"20,497"
35028,"17,950"
35029,"25,095"
35031,"71,492"
35033,"4,881"
35035,"63,797"
35037,"9,041"
35039,"40,246"
35041,"19,846"
35043,"131,561"
35045,"130,044"
35047,"29,393"
35049,"144,170"
35051,"11,988"
35053,"17,866"
35055,"32,937"
35057,"16,383"
35059,"4,549"
35061,"76,569"
36001,"304,204"
36003,"48,946"
36005,"1,385,108"
36007,"200,600"
36009,"80,317"
36011,"80,026"
36013,"134,905"
36015,"88,830"
36017,"50,477"
36019,"82,128"
36021,"63,096"
36023,"49,336"
36025,"47,980"
36027,"297,488"
36029,"919,040"
36031,"39,370"
36033,"51,599"
36035,"55,531"
36037,"60,079"
36039,"49,221"
36041,"4,836"
36043,"64,519"
36045,"116,229"
36047,"2,504,700"
36049,"27,087"
36051,"65,393"
36053,"73,442"
36055,"744,344"
36057,"50,219"
36059,"1,339,532"
36061,"1,585,873"
36063,"216,469"
36065,"234,878"
36067,"467,026"
36069,"107,931"
36071,"372,813"
36073,"42,883"
36075,"122,109"
36077,"62,259"
36079,"99,710"
36081,"2,230,722"
36083,"159,429"
36085,"468,730"
36087,"311,687"
36089,"111,944"
36091,"219,607"
36093,"154,727"
36095,"32,749"
36097,"18,343"
36099,"35,251"
36101,"98,990"
36103,"1,493,350"
36105,"77,547"
36107,"51,125"
36109,"101,564"
36111,"182,493"
36113,"65,707"
36115,"63,216"
36117,"93,772"
36119,"949,113"
36121,"42,155"
36123,"25,348"
37001,"151,131"
37003,"37,198"
37005,"11,155"
37007,"26,948"
37009,"27,281"
37011,"17,797"
37013,"47,759"
37015,"21,282"
37017,"35,190"
37019,"107,431"
37021,"238,318"
37023,"90,912"
37025,"178,011"
37027,"83,029"
37029,"9,980"
37031,"66,469"
37033,"23,719"
37035,"154,358"
37037,"63,505"
37039,"27,444"
37041,"14,793"
37043,"10,587"
37045,"98,078"
37047,"58,098"
37049,"103,505"
37051,"319,431"
37053,"23,547"
37055,"33,920"
37057,"162,878"
37059,"41,240"
37061,"58,505"
37063,"267,587"
37065,"56,552"
37067,"350,670"
37069,"60,619"
37071,"206,086"
37073,"12,197"
37075,"8,861"
37077,"59,916"
37079,"21,362"
37081,"488,406"
37083,"54,691"
37085,"114,678"
37087,"59,036"
37089,"106,740"
37091,"24,669"
37093,"46,952"
37095,"5,810"
37097,"159,437"
37099,"40,271"
37101,"168,878"
37103,"10,153"
37105,"57,866"
37107,"59,495"
37109,"78,265"
37111,"44,996"
37113,"33,922"
37115,"20,764"
37117,"24,505"
37119,"919,628"
37121,"15,579"
37123,"27,798"
37125,"88,247"
37127,"95,840"
37129,"202,667"
37131,"22,099"
37133,"177,772"
37135,"133,801"
37137,"13,144"
37139,"40,661"
37141,"52,217"
37143,"13,453"
37145,"39,464"
37147,"168,148"
37149,"20,510"
37151,"141,752"
37153,"46,639"
37155,"134,168"
37157,"93,643"
37159,"138,428"
37161,"67,810"
37163,"63,431"
37165,"36,157"
37167,"60,585"
37169,"47,401"
37171,"73,673"
37173,"13,981"
37175,"33,090"
37177,"4,407"
37179,"201,292"
37181,"45,422"
37183,"900,993"
37185,"20,972"
37187,"13,228"
37189,"51,079"
37191,"122,623"
37193,"69,340"
37195,"81,234"
37197,"38,406"
37199,"17,818"
38001,"2,343"
38003,"11,066"
38005,"6,660"
38007,783
38009,"6,429"
38011,"3,151"
38013,"1,968"
38015,"81,308"
38017,"149,778"
38019,"3,993"
38021,"5,289"
38023,"2,071"
38025,"3,536"
38027,"2,385"
38029,"3,550"
38031,"3,343"
38033,"1,680"
38035,"66,861"
38037,"2,394"
38039,"2,420"
38041,"2,477"
38043,"2,435"
38045,"4,139"
38047,"1,990"
38049,"5,395"
38051,"2,809"
38053,"6,360"
38055,"8,962"
38057,"8,424"
38059,"27,471"
38061,"7,673"
38063,"3,126"
38065,"1,846"
38067,"7,413"
38069,"4,357"
38071,"11,451"
38073,"5,457"
38075,"2,470"
38077,"16,321"
38079,"13,937"
38081,"3,829"
38083,"1,321"
38085,"4,153"
38087,727
38089,"24,199"
38091,"1,975"
38093,"21,100"
38095,"2,246"
38097,"8,121"
38099,"11,119"
38101,"61,675"
38103,"4,207"
38105,"22,398"
39001,"28,550"
39003,"106,331"
39005,"53,139"
39007,"101,497"
39009,"64,757"
39011,"45,949"
39013,"70,400"
39015,"44,846"
39017,"368,130"
39019,"28,836"
39021,"40,097"
39023,"138,333"
39025,"197,363"
39027,"42,040"
39029,"107,841"
39031,"36,901"
39033,"43,784"
39035,"1,280,122"
39037,"52,959"
39039,"39,037"
39041,"174,214"
39043,"77,079"
39045,"146,156"
39047,"29,030"
39049,"1,163,414"
39051,"42,698"
39053,"30,934"
39055,"93,389"
39057,"161,573"
39059,"40,087"
39061,"802,374"
39063,"74,782"
39065,"32,058"
39067,"15,864"
39069,"28,215"
39071,"43,589"
39073,"29,380"
39075,"42,366"
39077,"59,626"
39079,"33,225"
39081,"69,709"
39083,"60,921"
39085,"230,041"
39087,"62,450"
39089,"166,492"
39091,"45,858"
39093,"301,356"
39095,"441,815"
39097,"43,435"
39099,"238,823"
39101,"66,501"
39103,"172,332"
39105,"23,770"
39107,"40,814"
39109,"102,506"
39111,"14,642"
39113,"535,153"
39115,"15,054"
39117,"34,827"
39119,"86,074"
39121,"14,645"
39123,"41,428"
39125,"19,614"
39127,"36,058"
39129,"55,698"
39131,"28,709"
39133,"161,419"
39135,"42,270"
39137,"34,499"
39139,"124,475"
39141,"78,064"
39143,"60,944"
39145,"79,499"
39147,"56,745"
39149,"49,423"
39151,"375,586"
39153,"541,781"
39155,"210,312"
39157,"92,582"
39159,"52,300"
39161,"28,744"
39163,"13,435"
39165,"212,693"
39167,"61,778"
39169,"114,520"
39171,"37,642"
39173,"125,488"
39175,"22,615"
40001,"22,683"
40003,"5,642"
40005,"14,182"
40007,"5,636"
40009,"22,119"
40011,"11,943"
40013,"42,416"
40015,"29,600"
40017,"115,541"
40019,"47,557"
40021,"46,987"
40023,"15,205"
40025,"2,475"
40027,"255,755"
40029,"5,925"
40031,"124,098"
40033,"6,193"
40035,"15,029"
40037,"69,967"
40039,"27,469"
40041,"41,487"
40043,"4,810"
40045,"4,151"
40047,"60,580"
40049,"27,576"
40051,"52,431"
40053,"4,527"
40055,"6,239"
40057,"2,922"
40059,"3,685"
40061,"12,769"
40063,"14,003"
40065,"26,446"
40067,"6,472"
40069,"10,957"
40071,"46,562"
40073,"15,034"
40075,"9,446"
40077,"11,154"
40079,"50,384"
40081,"34,273"
40083,"41,848"
40085,"9,423"
40087,"34,506"
40089,"33,151"
40091,"20,252"
40093,"7,527"
40095,"15,840"
40097,"41,259"
40099,"13,488"
40101,"70,990"
40103,"11,561"
40105,"10,536"
40107,"12,191"
40109,"718,633"
40111,"40,069"
40113,"47,472"
40115,"31,848"
40117,"16,577"
40119,"77,350"
40121,"45,837"
40123,"37,492"
40125,"69,442"
40127,"11,572"
40129,"3,647"
40131,"86,905"
40133,"25,482"
40135,"42,391"
40137,"45,048"
40139,"20,640"
40141,"7,992"
40143,"603,403"
40145,"73,085"
40147,"50,976"
40149,"11,629"
40151,"8,878"
40153,"20,081"
41001,"16,134"
41003,"85,579"
41005,"375,992"
41007,"37,039"
41009,"49,351"
41011,"63,043"
41013,"20,978"
41015,"22,364"
41017,"157,733"
41019,"107,667"
41021,"1,871"
41023,"7,445"
41025,"7,422"
41027,"22,346"
41029,"203,206"
41031,"21,720"
41033,"82,713"
41035,"66,380"
41037,"7,895"
41039,"351,715"
41041,"46,034"
41043,"116,672"
41045,"31,313"
41047,"315,335"
41049,"11,173"
41051,"735,334"
41053,"75,403"
41055,"1,765"
41057,"25,250"
41059,"75,889"
41061,"25,748"
41063,"7,008"
41065,"25,213"
41067,"529,710"
41069,"1,441"
41071,"99,193"
42001,"101,407"
42003,"1,223,348"
42005,"68,941"
42007,"170,539"
42009,"49,762"
42011,"411,442"
42013,"127,089"
42015,"62,622"
42017,"625,249"
42019,"183,862"
42021,"143,679"
42023,"5,085"
42025,"65,249"
42027,"153,990"
42029,"498,886"
42031,"39,988"
42033,"81,642"
42035,"39,238"
42037,"67,295"
42039,"88,765"
42041,"235,406"
42043,"268,100"
42045,"558,979"
42047,"31,946"
42049,"280,566"
42051,"136,606"
42053,"7,716"
42055,"149,618"
42057,"14,845"
42059,"38,686"
42061,"45,913"
42063,"88,880"
42065,"45,200"
42067,"24,636"
42069,"214,437"
42071,"519,445"
42073,"91,108"
42075,"133,568"
42077,"349,497"
42079,"320,918"
42081,"116,111"
42083,"43,450"
42085,"116,638"
42087,"46,682"
42089,"169,842"
42091,"799,874"
42093,"18,267"
42095,"297,735"
42097,"94,528"
42099,"45,969"
42101,"1,526,006"
42103,"57,369"
42105,"17,457"
42107,"148,289"
42109,"39,702"
42111,"77,742"
42113,"6,428"
42115,"43,356"
42117,"41,981"
42119,"44,947"
42121,"54,984"
42123,"41,815"
42125,"207,820"
42127,"52,822"
42129,"365,169"
42131,"28,276"
42133,"434,972"
44001,"49,875"
44003,"166,158"
44005,"82,888"
44007,"626,667"
44009,"126,979"
45001,"25,417"
45003,"160,099"
45005,"10,419"
45007,"187,126"
45009,"15,987"
45011,"22,621"
45013,"162,233"
45015,"177,843"
45017,"15,175"
45019,"350,209"
45021,"55,342"
45023,"33,140"
45025,"46,734"
45027,"34,971"
45029,"38,892"
45031,"68,681"
45033,"32,062"
45035,"136,555"
45037,"26,985"
45039,"23,956"
45041,"136,885"
45043,"60,158"
45045,"451,225"
45047,"69,661"
45049,"21,090"
45051,"269,291"
45053,"24,777"
45055,"61,697"
45057,"76,652"
45059,"66,537"
45061,"19,220"
45063,"262,391"
45065,"10,233"
45067,"33,062"
45069,"28,933"
45071,"37,508"
45073,"74,273"
45075,"92,501"
45077,"119,224"
45079,"384,504"
45081,"19,875"
45083,"284,307"
45085,"107,456"
45087,"28,961"
45089,"34,423"
45091,"226,073"
46003,"2,710"
46005,"17,398"
46007,"3,431"
46009,"7,070"
46011,"31,965"
46013,"36,531"
46015,"5,255"
46017,"1,912"
46019,"10,110"
46021,"1,466"
46023,"9,129"
46025,"3,691"
46027,"13,864"
46029,"27,227"
46031,"4,050"
46033,"8,216"
46035,"19,504"
46037,"5,710"
46039,"4,364"
46041,"5,301"
46043,"3,002"
46045,"4,071"
46047,"7,094"
46049,"2,364"
46051,"7,356"
46053,"4,271"
46055,"1,937"
46057,"5,903"
46059,"3,431"
46061,"3,331"
46063,"1,255"
46065,"17,022"
46067,"7,343"
46069,"1,420"
46071,"3,031"
46073,"2,071"
46075,"1,006"
46077,"5,148"
46079,"11,200"
46081,"24,097"
46083,"44,828"
46085,"3,755"
46087,"5,618"
46089,"2,459"
46091,"4,656"
46093,"25,434"
46095,"2,048"
46097,"2,389"
46099,"169,468"
46101,"6,486"
46102,"13,586"
46103,"100,948"
46105,"2,982"
46107,"2,329"
46109,"10,149"
46111,"2,355"
46115,"6,415"
46117,"2,966"
46119,"1,373"
46121,"9,612"
46123,"5,644"
46125,"8,347"
46127,"14,399"
46129,"5,438"
46135,"22,438"
46137,"2,801"
47001,"75,129"
47003,"45,058"
47005,"16,489"
47007,"12,876"
47009,"123,010"
47011,"98,963"
47013,"40,716"
47015,"13,801"
47017,"28,522"
47019,"57,424"
47021,"39,105"
47023,"17,131"
47025,"32,213"
47027,"7,861"
47029,"35,662"
47031,"52,796"
47033,"14,586"
47035,"56,053"
47037,"626,681"
47039,"11,757"
47041,"18,723"
47043,"49,666"
47045,"38,335"
47047,"38,413"
47049,"17,959"
47051,"41,052"
47053,"49,683"
47055,"29,485"
47057,"22,657"
47059,"68,831"
47061,"13,703"
47063,"62,544"
47065,"336,463"
47067,"6,819"
47069,"27,253"
47071,"26,026"
47073,"56,833"
47075,"18,787"
47077,"27,769"
47079,"32,330"
47081,"24,690"
47083,"8,426"
47085,"18,538"
47087,"11,638"
47089,"51,407"
47091,"18,244"
47093,"432,226"
47095,"7,832"
47097,"27,815"
47099,"41,869"
47101,"12,161"
47103,"33,361"
47105,"48,556"
47107,"52,266"
47109,"26,075"
47111,"22,248"
47113,"98,294"
47115,"28,237"
47117,"30,617"
47119,"80,956"
47121,"11,753"
47123,"44,519"
47125,"172,331"
47127,"6,362"
47129,"21,987"
47131,"31,807"
47133,"22,083"
47135,"7,915"
47137,"5,077"
47139,"16,825"
47141,"72,321"
47143,"31,809"
47145,"54,181"
47147,"66,283"
47149,"262,604"
47151,"22,228"
47153,"14,112"
47155,"89,889"
47157,"927,644"
47159,"19,166"
47161,"13,324"
47163,"156,823"
47165,"160,645"
47167,"61,081"
47169,"7,870"
47171,"18,313"
47173,"19,109"
47175,"5,548"
47177,"39,839"
47179,"122,979"
47181,"17,021"
47183,"35,021"
47185,"25,841"
47187,"183,182"
47189,"113,993"
48001,"58,458"
48003,"14,786"
48005,"86,771"
48007,"23,158"
48009,"9,054"
48011,"1,901"
48013,"44,911"
48015,"28,417"
48017,"7,165"
48019,"20,485"
48021,"74,171"
48023,"3,726"
48025,"31,861"
48027,"310,235"
48029,"1,714,773"
48031,"10,497"
48033,641
48035,"18,212"
48037,"92,565"
48039,"313,166"
48041,"194,851"
48043,"9,232"
48045,"1,637"
48047,"7,223"
48049,"38,106"
48051,"17,187"
48053,"42,750"
48055,"38,066"
48057,"21,381"
48059,"13,544"
48061,"406,220"
48063,"12,401"
48065,"6,182"
48067,"30,464"
48069,"8,062"
48071,"35,096"
48073,"50,845"
48075,"7,041"
48077,"10,752"
48079,"3,127"
48081,"3,320"
48083,"8,895"
48085,"782,341"
48087,"3,057"
48089,"20,874"
48091,"108,472"
48093,"13,974"
48095,"4,087"
48097,"38,437"
48099,"75,388"
48101,"1,505"
48103,"4,375"
48105,"3,719"
48107,"6,059"
48109,"2,398"
48111,"6,703"
48113,"2,368,139"
48115,"13,833"
48117,"19,372"
48119,"5,231"
48121,"662,614"
48123,"20,097"
48125,"2,444"
48127,"9,996"
48129,"3,677"
48131,"11,782"
48133,"18,583"
48135,"137,130"
48137,"2,002"
48139,"149,610"
48141,"800,647"
48143,"37,890"
48145,"17,866"
48147,"33,915"
48149,"24,554"
48151,"3,974"
48153,"6,446"
48155,"1,336"
48157,"585,375"
48159,"10,605"
48161,"19,816"
48163,"17,217"
48165,"17,526"
48167,"291,309"
48169,"6,461"
48171,"24,837"
48173,"1,226"
48175,"7,210"
48177,"19,807"
48179,"22,535"
48181,"120,877"
48183,"121,730"
48185,"26,604"
48187,"131,533"
48189,"36,273"
48191,"3,353"
48193,"8,517"
48195,"5,613"
48197,"4,139"
48199,"54,635"
48201,"4,092,459"
48203,"65,631"
48205,"6,062"
48207,"5,899"
48209,"157,107"
48211,"3,807"
48213,"78,532"
48215,"774,769"
48217,"35,089"
48219,"22,935"
48221,"51,182"
48223,"35,161"
48225,"23,732"
48227,"35,012"
48229,"3,476"
48231,"86,129"
48233,"22,150"
48235,"1,599"
48237,"9,044"
48239,"14,075"
48241,"35,710"
48243,"2,342"
48245,"252,273"
48247,"5,300"
48249,"40,838"
48251,"150,934"
48253,"20,202"
48255,"14,824"
48257,"103,350"
48259,"33,410"
48261,416
48263,808
48265,"49,625"
48267,"4,607"
48269,286
48271,"3,598"
48273,"32,061"
48275,"3,719"
48277,"49,793"
48279,"13,977"
48281,"19,677"
48283,"6,886"
48285,"19,263"
48287,"16,612"
48289,"16,801"
48291,"75,643"
48293,"23,384"
48295,"3,302"
48297,"11,531"
48299,"19,301"
48301,82
48303,"278,831"
48305,"5,915"
48307,"8,283"
48309,"234,906"
48311,707
48313,"13,664"
48315,"10,546"
48317,"4,799"
48319,"4,012"
48321,"36,702"
48323,"54,258"
48325,"46,006"
48327,"2,242"
48329,"136,872"
48331,"24,757"
48333,"4,936"
48335,"9,403"
48337,"19,719"
48339,"455,746"
48341,"21,904"
48343,"12,934"
48345,"1,210"
48347,"64,524"
48349,"47,735"
48351,"14,445"
48353,"15,216"
48355,"340,223"
48357,"10,223"
48359,"2,052"
48361,"81,837"
48363,"28,111"
48365,"23,796"
48367,"116,927"
48369,"10,269"
48371,"15,507"
48373,"45,413"
48375,"121,073"
48377,"7,818"
48379,"10,914"
48381,"120,725"
48383,"3,367"
48385,"3,309"
48387,"12,860"
48389,"13,783"
48391,"7,383"
48393,929
48395,"16,622"
48397,"78,337"
48399,"10,501"
48401,"53,330"
48403,"10,834"
48405,"8,865"
48407,"26,384"
48409,"64,804"
48411,"6,131"
48413,"3,461"
48415,"16,921"
48417,"3,378"
48419,"25,448"
48421,"3,034"
48423,"209,714"
48425,"8,490"
48427,"60,968"
48429,"9,630"
48431,"1,143"
48433,"1,490"
48435,"4,128"
48437,"7,854"
48439,"1,809,034"
48441,"131,506"
48443,984
48445,"12,651"
48447,"1,641"
48449,"32,334"
48451,"110,224"
48453,"1,024,266"
48455,"14,585"
48457,"21,766"
48459,"39,309"
48461,"3,355"
48463,"26,405"
48465,"48,879"
48467,"52,579"
48469,"86,793"
48471,"67,861"
48473,"43,205"
48475,"10,658"
48477,"33,718"
48479,"250,304"
48481,"41,280"
48483,"5,410"
48485,"131,500"
48487,"13,535"
48489,"22,134"
48491,"422,679"
48493,"42,918"
48495,"7,110"
48497,"59,127"
48499,"41,964"
48501,"7,879"
48503,"18,550"
48505,"14,018"
48507,"11,677"
49001,"6,629"
49003,"49,975"
49005,"112,656"
49007,"21,403"
49009,"1,059"
49011,"306,479"
49013,"18,607"
49015,"10,976"
49017,"5,172"
49019,"9,225"
49021,"46,163"
49023,"10,246"
49025,"7,125"
49027,"12,503"
49029,"9,469"
49031,"1,556"
49033,"2,264"
49035,"1,029,655"
49037,"14,746"
49039,"27,822"
49041,"20,802"
49043,"36,324"
49045,"58,218"
49047,"32,588"
49049,"516,564"
49051,"23,530"
49053,"138,115"
49055,"2,778"
49057,"231,236"
50001,"36,821"
50003,"37,125"
50005,"31,227"
50007,"156,545"
50009,"6,306"
50011,"47,746"
50013,"6,970"
50015,"24,475"
50017,"28,936"
50019,"27,231"
50021,"61,642"
50023,"59,534"
50025,"44,513"
50027,"56,670"
51001,"33,164"
51003,"98,970"
51005,"16,250"
51007,"12,690"
51009,"32,353"
51011,"14,973"
51013,"207,627"
51015,"73,750"
51017,"4,731"
51019,"68,676"
51021,"6,824"
51023,"33,148"
51025,"17,434"
51027,"24,098"
51029,"17,146"
51031,"54,842"
51033,"28,545"
51035,"30,042"
51036,"7,256"
51037,"12,586"
51041,"316,236"
51043,"14,034"
51045,"5,190"
51047,"46,689"
51049,"10,052"
51051,"15,903"
51053,"28,001"
51057,"11,151"
51059,"1,081,726"
51061,"65,203"
51063,"15,279"
51065,"25,691"
51067,"56,159"
51069,"78,305"
51071,"17,286"
51073,"36,858"
51075,"21,717"
51077,"15,533"
51079,"18,403"
51081,"12,243"
51083,"36,241"
51085,"99,863"
51087,"306,935"
51089,"54,151"
51091,"2,321"
51093,"35,270"
51095,"67,009"
51097,"6,945"
51099,"23,584"
51101,"15,935"
51103,"11,391"
51105,"25,587"
51107,"312,311"
51109,"33,153"
51111,"12,914"
51113,"13,308"
51115,"8,978"
51117,"32,727"
51119,"10,959"
51121,"94,392"
51125,"15,020"
51127,"18,429"
51131,"12,389"
51133,"12,330"
51135,"15,853"
51137,"33,481"
51139,"24,042"
51141,"18,490"
51143,"63,506"
51145,"28,046"
51147,"23,368"
51149,"35,725"
51153,"402,002"
51155,"34,872"
51157,"7,373"
51159,"9,254"
51161,"92,376"
51163,"22,307"
51165,"76,314"
51167,"28,897"
51169,"23,177"
51171,"41,993"
51173,"32,208"
51175,"18,570"
51177,"122,397"
51179,"128,961"
51181,"7,058"
51183,"12,087"
51185,"45,078"
51187,"37,575"
51191,"54,876"
51193,"17,454"
51195,"41,452"
51197,"29,235"
51199,"65,464"
51510,"139,966"
51520,"17,835"
51530,"6,650"
51540,"43,475"
51550,"222,209"
51570,"17,411"
51580,"5,961"
51590,"43,055"
51595,"5,927"
51600,"22,565"
51610,"12,332"
51620,"8,582"
51630,"24,286"
51640,"7,042"
51650,"137,436"
51660,"48,914"
51670,"22,591"
51678,"7,042"
51680,"75,568"
51683,"37,821"
51685,"14,273"
51690,"13,821"
51700,"180,719"
51710,"242,803"
51720,"3,958"
51730,"32,420"
51735,"12,150"
51740,"95,535"
51750,"16,408"
51760,"204,214"
51770,"97,032"
51775,"24,802"
51790,"23,746"
51800,"84,585"
51810,"437,994"
51820,"21,006"
51830,"14,068"
51840,"26,203"
53001,"18,728"
53003,"21,623"
53005,"175,177"
53007,"72,453"
53009,"71,404"
53011,"425,363"
53013,"4,078"
53015,"102,410"
53017,"38,431"
53019,"7,551"
53021,"78,163"
53023,"2,266"
53025,"89,120"
53027,"72,797"
53029,"78,506"
53031,"29,872"
53033,"1,931,249"
53035,"251,133"
53037,"40,915"
53039,"20,318"
53041,"75,455"
53043,"10,570"
53045,"60,699"
53047,"41,120"
53049,"20,920"
53051,"13,001"
53053,"795,225"
53055,"15,769"
53057,"116,901"
53059,"11,066"
53061,"713,335"
53063,"471,221"
53065,"43,531"
53067,"252,264"
53069,"3,978"
53071,"58,781"
53073,"201,140"
53075,"44,776"
53077,"243,231"
54001,"16,589"
54003,"104,169"
54005,"24,629"
54007,"14,523"
54009,"24,069"
54011,"96,319"
54013,"7,627"
54015,"9,386"
54017,"8,202"
54019,"46,039"
54021,"8,693"
54023,"11,937"
54025,"35,480"
54027,"23,964"
54029,"30,676"
54031,"14,025"
54033,"69,099"
54035,"29,211"
54037,"53,498"
54039,"193,063"
54041,"16,372"
54043,"21,720"
54045,"36,743"
54047,"22,113"
54049,"56,418"
54051,"33,107"
54053,"27,324"
54055,"62,264"
54057,"28,212"
54059,"26,839"
54061,"96,189"
54063,"13,502"
54065,"17,541"
54067,"26,233"
54069,"44,443"
54071,"7,695"
54073,"7,605"
54075,"8,719"
54077,"33,520"
54079,"55,486"
54081,"78,859"
54083,"29,405"
54085,"10,449"
54087,"14,926"
54089,"13,927"
54091,"16,895"
54093,"7,141"
54095,"9,208"
54097,"24,254"
54099,"42,481"
54101,"9,154"
54103,"16,583"
54105,"5,717"
54107,"86,956"
54109,"23,796"
55001,"20,875"
55003,"16,157"
55005,"45,870"
55007,"15,014"
55009,"248,007"
55011,"13,587"
55013,"15,457"
55015,"48,971"
55017,"62,415"
55019,"34,690"
55021,"56,833"
55023,"16,644"
55025,"488,073"
55027,"88,759"
55029,"27,785"
55031,"44,159"
55033,"43,857"
55035,"98,736"
55037,"4,423"
55039,"101,633"
55041,"9,304"
55043,"51,208"
55045,"36,842"
55047,"19,051"
55049,"23,687"
55051,"5,916"
55053,"20,449"
55055,"83,686"
55057,"26,664"
55059,"166,426"
55061,"20,574"
55063,"114,638"
55065,"16,836"
55067,"19,977"
55069,"28,743"
55071,"81,442"
55073,"134,063"
55075,"41,749"
55077,"15,404"
55078,"4,232"
55079,"947,735"
55081,"44,673"
55083,"37,660"
55085,"35,998"
55087,"176,695"
55089,"86,395"
55091,"7,469"
55093,"41,019"
55095,"44,205"
55097,"70,019"
55099,"14,159"
55101,"195,408"
55103,"18,021"
55105,"160,331"
55107,"14,755"
55109,"84,345"
55111,"61,976"
55113,"16,557"
55115,"41,949"
55117,"115,507"
55119,"20,689"
55121,"28,816"
55123,"29,773"
55125,"21,430"
55127,"102,228"
55129,"15,911"
55131,"131,887"
55133,"389,891"
55135,"52,410"
55137,"24,496"
55139,"166,994"
55141,"74,749"
56001,"36,299"
56003,"11,668"
56005,"46,133"
56007,"15,885"
56009,"13,833"
56011,"7,083"
56013,"40,123"
56015,"13,249"
56017,"4,812"
56019,"8,569"
56021,"91,738"
56023,"18,106"
56025,"75,450"
56027,"2,484"
56029,"28,205"
56031,"8,667"
56033,"29,116"
56035,"10,247"
56037,"43,806"
56039,"21,294"
56041,"21,118"
56043,"8,533"
56045,"7,208"
72001,"19,483"
72003,"41,959"
72005,"60,949"
72007,"28,659"
72009,"25,900"
72011,"29,261"
72013,"96,440"
72015,"19,575"
72017,"24,816"
72019,"30,318"
72021,"208,116"
72023,"50,917"
72025,"142,893"
72027,"35,159"
72029,"47,648"
72031,"176,762"
72033,"28,140"
72035,"48,119"
72037,"13,631"
72039,"18,782"
72041,"43,480"
72043,"40,512"
72045,"20,778"
72047,"37,142"
72049,"1,818"
72051,"38,165"
72053,"36,993"
72054,"12,680"
72055,"19,427"
72057,"45,362"
72059,"21,581"
72061,"97,924"
72063,"45,369"
72065,"41,953"
72067,"17,250"
72069,"58,466"
72071,"45,631"
72073,"16,642"
72075,"50,747"
72077,"40,290"
72079,"25,753"
72081,"30,753"
72083,"9,881"
72085,"38,675"
72087,"30,060"
72089,"20,068"
72091,"44,113"
72093,"6,276"
72095,"12,225"
72097,"89,080"
72099,"40,109"
72101,"32,610"
72103,"26,720"
72105,"30,402"
72107,"23,423"
72109,"19,277"
72111,"24,282"
72113,"166,327"
72115,"25,919"
72117,"15,200"
72119,"54,304"
72121,"25,265"
72123,"31,078"
72125,"35,527"
72127,"395,326"
72129,"41,058"
72131,"42,430"
72133,"23,274"
72135,"74,066"
72137,"89,609"
72139,"74,842"
72141,"33,149"
72143,"39,951"
72145,"59,662"
72147,"9,301"
72149,"26,073"
72151,"37,941"
72153,"42,043"